clientseed,serverseed,nonce,rollresult
1,72,83,89
1,366,84,88
1,754,81,84
2,37,84,88
2,365,83,83
2,602,76,89
2,945,80,89
3,51,81,84
3,190,81,84
3,564,84,76
3,672,80,83
4,7,77,89
4,441,84,88
4,710,82,80
5,16,83,88
5,339,83,85
5,602,80,83
5,968,84,88
6,148,84,88
6,309,83,80
6,843,80,85
7,483,78,87
7,645,82,83
7,847,83,83
8,105,83,86
8,979,81,88
9,124,84,88
9,402,83,89
9,635,80,84
9,755,78,86
9,905,77,84
10,340,84,88
10,654,83,78
10,666,82,88
10,801,84,87
11,209,81,87
11,476,84,86
11,537,75,79
11,560,84,87
11,591,84,83
11,654,83,88
12,52,83,84
12,334,80,85
12,424,77,86
12,880,78,88
12,941,78,87
13,428,80,85
13,430,70,88
14,20,83,89
14,224,73,89
14,457,82,86
14,526,84,85
14,693,82,86
14,720,82,89
14,759,81,85
14,807,83,78
15,376,84,88
15,555,83,89
15,657,80,83
15,805,83,87
15,970,83,86
16,194,84,89
16,216,82,82
16,957,74,88
18,38,74,88
18,46,72,85
18,748,82,89
19,350,82,83
19,760,84,83
20,402,80,89
20,531,83,84
21,277,82,86
22,438,83,89
23,74,84,86
23,106,80,89
23,306,83,88
23,651,81,86
24,87,84,87
24,183,81,86
24,474,84,85
24,601,84,75
24,669,77,88
24,802,83,84
24,860,84,85
25,91,80,84
25,824,83,88
25,953,83,89
25,969,84,87
26,9,84,89
26,223,82,76
26,236,80,88
26,540,79,88
26,758,84,81
26,929,83,78
27,140,82,87
27,319,84,88
27,352,83,88
27,522,84,87
27,541,84,72
27,587,81,85
28,221,72,89
28,288,84,79
29,20,81,88
29,227,70,87
29,312,81,89
29,531,82,84
29,734,83,86
29,979,84,88
30,110,81,88
30,258,83,78
30,370,80,88
30,732,80,81
31,16,82,89
31,65,84,83
31,317,83,89
31,469,82,85
31,582,79,86
31,976,71,85
32,278,84,87
32,312,82,86
32,320,81,87
32,648,84,89
32,664,81,89
32,957,81,86
33,74,81,86
33,190,77,89
33,557,83,83
33,564,84,77
33,577,84,89
33,581,81,88
34,497,83,86
34,742,84,88
34,852,80,86
35,849,84,84
36,210,79,89
36,251,75,88
36,451,83,89
36,689,82,89
36,761,82,89
36,944,83,87
37,448,77,79
37,685,84,86
37,868,84,76
37,888,84,86
38,344,83,86
38,378,79,84
38,427,80,89
38,548,83,83
38,715,81,83
38,881,76,89
38,887,81,88
39,17,78,80
39,20,84,87
39,185,79,80
39,230,78,83
39,457,84,85
39,712,83,80
39,874,81,84
40,110,84,82
40,178,82,82
40,753,83,88
40,810,82,72
41,252,81,87
41,305,76,85
41,377,81,81
41,545,80,87
41,714,84,88
41,764,82,85
41,892,81,87
42,13,84,89
42,166,83,83
42,624,70,86
42,690,78,85
42,786,82,89
43,88,84,89
43,585,72,89
45,183,82,89
45,232,83,78
45,573,82,87
45,587,84,88
45,690,79,80
45,814,84,86
45,914,82,88
46,410,84,86
46,511,82,89
46,909,75,84
47,61,76,88
47,96,84,81
47,274,82,85
47,277,82,87
47,596,75,87
47,667,74,81
48,37,83,87
48,141,84,88
48,143,83,79
48,197,82,88
48,330,84,87
48,815,82,85
48,985,76,77
49,48,77,84
49,742,72,87
50,92,83,83
50,221,78,85
50,332,81,88
50,350,82,87
50,408,81,89
50,552,81,89
50,695,81,88
50,717,82,80
51,54,84,87
51,770,79,85
51,870,80,88
52,227,84,86
52,657,83,82
52,715,78,85
52,837,81,87
53,196,74,84
53,205,78,88
53,813,82,86
54,303,81,84
55,143,83,86
55,145,76,85
55,456,79,83
55,688,78,87
55,830,84,82
56,236,73,89
56,406,83,86
56,866,80,88
57,112,82,86
57,334,84,89
57,459,81,89
57,517,83,86
57,611,81,82
57,615,80,75
57,726,83,87
57,845,81,87
57,870,83,83
58,506,83,78
58,549,81,83
58,570,83,84
58,577,84,83
58,625,84,82
58,627,80,88
58,807,72,83
58,888,77,88
58,946,84,88
59,145,80,86
59,398,81,89
59,511,84,83
59,974,84,77
60,831,81,88
60,870,82,89
61,69,81,89
61,99,84,87
61,159,80,86
61,719,79,86
62,104,82,89
62,344,78,84
62,534,81,86
62,549,84,87
62,934,72,77
63,250,84,80
63,527,78,88
63,928,81,81
64,94,83,87
64,109,83,89
64,220,84,85
64,422,79,82
64,720,82,87
64,907,82,83
65,432,82,86
65,597,82,82
65,642,84,89
65,821,83,89
65,902,84,79
65,938,84,89
66,409,82,89
66,615,83,86
66,622,82,82
66,825,79,74
66,908,83,83
67,284,83,82
67,508,80,88
67,665,83,88
67,787,83,89
67,944,84,86
68,434,78,79
68,556,75,89
68,594,84,83
68,842,83,86
69,97,84,86
69,480,84,87
69,513,82,88
69,537,83,77
69,589,82,78
69,797,74,80
69,840,80,80
70,489,84,79
70,778,82,86
70,819,75,83
71,63,79,87
71,220,83,89
71,468,79,89
71,554,84,77
71,931,81,86
72,236,80,82
72,278,83,89
72,475,78,80
72,716,78,83
72,856,80,87
73,95,84,85
73,391,83,79
73,535,80,83
73,589,83,86
74,124,84,84
74,184,76,88
74,341,84,81
74,442,71,83
74,650,82,89
75,167,83,88
75,172,84,85
75,356,79,89
75,382,84,74
75,593,81,84
75,796,83,88
76,115,81,88
76,866,79,84
78,359,68,81
78,393,83,89
78,751,82,89
79,465,83,88
79,569,83,82
79,719,84,80
80,153,77,86
80,186,82,88
80,291,83,86
80,316,84,86
80,365,80,88
80,393,84,87
80,440,84,85
80,845,78,87
81,481,81,86
81,845,81,85
81,866,83,88
82,215,80,87
82,402,84,78
82,651,83,82
82,874,82,89
83,231,78,75
83,580,83,86
84,56,81,84
84,255,78,88
84,561,83,86
84,698,80,89
85,190,84,88
85,304,82,86
85,311,81,80
85,431,81,82
85,928,81,85
86,24,83,89
86,376,82,86
86,628,81,81
87,18,80,87
87,473,77,88
87,719,80,85
88,470,83,85
88,950,83,86
88,977,82,81
89,19,83,87
89,25,83,81
89,600,81,87
89,683,83,79
89,981,83,86
90,131,77,88
90,139,79,80
90,157,78,88
91,482,83,86
93,87,81,83
93,360,80,88
93,485,84,89
93,565,69,82
93,667,84,82
93,900,83,86
94,452,84,89
94,806,83,82
94,852,79,89
95,72,83,87
95,294,84,89
95,347,84,88
95,689,81,86
95,842,83,84
95,898,82,83
96,273,84,88
96,503,82,89
96,535,82,80
96,587,84,87
96,821,84,87
96,914,82,89
96,978,83,80
97,318,77,83
97,867,83,88
98,132,83,79
98,152,79,80
98,174,74,86
98,647,84,89
98,676,81,87
98,695,80,89
98,907,77,84
99,124,82,84
99,607,82,89
100,35,80,86
100,106,81,89
100,144,82,87
100,338,80,84
100,393,84,88
100,695,82,80
100,758,79,80
100,777,83,89
101,524,76,84
101,978,70,87
102,165,80,85
103,199,83,83
103,254,77,83
103,324,82,88
103,390,82,87
103,503,83,88
103,669,80,83
104,151,82,88
104,578,83,87
104,583,74,82
104,641,83,87
104,873,82,74
105,492,81,89
105,800,81,85
105,824,83,86
106,540,79,89
106,835,81,88
106,937,81,87
107,34,76,80
107,161,77,82
107,182,82,79
107,348,81,86
107,479,82,87
107,816,83,78
107,983,83,88
108,999,74,81
109,515,84,88
109,788,78,85
110,223,79,84
110,995,84,84
111,71,84,87
111,217,80,88
111,259,84,89
111,282,84,88
111,311,82,89
111,335,83,82
111,682,81,84
112,498,84,82
112,600,83,89
112,680,84,88
112,894,83,88
113,183,81,87
113,607,77,83
113,658,83,86
114,166,84,78
114,374,84,87
114,697,77,89
115,79,75,79
115,127,84,89
115,133,80,88
115,433,82,84
115,543,83,85
115,571,84,87
115,596,83,89
115,736,80,83
115,856,84,89
115,922,78,85
116,313,83,89
116,556,74,85
117,187,77,83
117,448,71,86
118,223,82,84
118,872,76,80
119,808,75,83
119,893,80,88
120,19,82,73
120,861,79,82
120,944,82,87
120,949,78,85
121,340,84,75
121,390,84,88
121,593,81,88
121,658,82,87
121,684,84,88
122,659,77,87
123,585,84,86
123,956,81,89
124,653,83,89
124,762,83,89
124,831,78,89
124,923,80,79
125,105,83,87
126,174,79,81
126,231,80,82
126,268,84,82
127,189,83,84
127,813,81,89
127,903,83,79
127,962,83,89
128,293,80,88
128,463,84,75
128,561,80,85
129,316,84,84
129,652,84,83
129,663,80,85
129,794,83,86
129,866,84,88
129,925,83,79
130,225,83,89
130,265,77,89
130,287,82,87
130,582,81,80
130,681,80,88
130,739,80,88
130,961,83,88
131,53,74,73
131,247,83,89
131,602,84,88
131,618,83,84
131,920,81,81
132,223,83,85
132,595,84,88
132,599,82,85
133,25,83,86
133,556,83,85
133,780,82,89
133,853,83,83
133,964,77,84
134,214,81,88
134,627,78,87
134,663,78,89
134,907,84,86
135,331,71,89
135,590,78,89
135,747,75,87
136,371,82,81
136,409,84,74
136,489,82,89
136,541,81,87
137,65,69,75
137,103,84,80
137,357,79,87
137,548,79,84
137,987,74,88
138,102,77,89
138,215,81,88
138,580,83,86
138,762,83,89
138,900,82,81
139,609,84,83
139,676,84,84
139,865,82,86
140,11,84,80
140,211,82,88
140,212,82,78
140,307,84,89
140,781,84,79
140,877,84,87
141,171,84,86
141,202,83,81
141,305,74,88
141,380,77,79
141,707,80,88
141,936,75,81
143,201,79,85
143,263,82,88
143,529,81,89
143,658,83,86
143,734,77,81
144,150,83,85
144,661,80,89
145,343,84,88
145,385,83,87
145,392,81,88
145,489,82,86
145,685,75,82
146,54,84,84
146,175,84,84
146,220,83,83
146,450,81,87
146,529,83,76
146,648,83,85
146,859,83,85
147,167,76,84
147,228,84,84
147,875,73,87
148,325,83,88
149,87,83,87
149,232,76,84
149,410,84,83
149,417,83,81
149,984,82,86
150,189,81,87
150,415,83,89
150,517,83,87
150,781,78,85
150,800,81,88
150,817,82,89
151,307,84,87
151,490,79,84
151,523,80,88
151,714,84,89
152,57,83,87
152,429,70,82
152,831,75,88
153,39,81,88
153,43,81,87
153,229,83,83
153,417,82,84
153,684,82,86
155,185,72,77
156,101,84,88
156,380,84,87
156,463,83,86
156,657,80,86
156,851,78,82
158,309,83,86
158,609,80,81
158,660,80,82
158,704,84,77
158,713,79,78
159,213,81,84
159,217,81,70
159,605,82,73
159,722,83,86
160,260,79,81
160,445,84,89
160,760,84,83
161,69,79,88
161,80,84,88
161,498,81,86
162,298,81,81
162,325,84,78
162,572,84,79
162,606,84,85
162,952,83,84
163,989,81,84
163,990,84,89
164,66,82,87
164,177,80,89
164,308,80,77
164,450,81,87
164,490,78,86
164,613,83,89
164,647,84,89
164,728,82,79
165,542,84,87
165,660,83,80
165,802,81,82
166,26,76,85
166,676,84,86
166,940,78,88
167,644,78,89
168,111,84,87
168,216,84,81
168,304,82,89
168,411,83,87
168,678,77,89
168,698,81,87
168,757,83,79
168,759,78,87
168,946,82,84
169,135,84,83
169,404,78,85
169,459,83,89
169,712,82,87
170,33,83,83
170,261,84,89
170,345,84,87
171,167,83,81
172,361,84,89
172,538,80,88
172,738,82,84
173,29,84,81
173,350,82,83
173,404,78,86
173,582,83,89
173,794,79,82
174,24,84,86
174,139,81,88
174,197,82,88
174,238,81,78
174,302,73,81
174,386,83,84
175,83,84,85
175,652,81,86
175,678,75,88
175,700,84,87
175,764,77,85
175,838,84,89
175,899,84,85
176,423,82,88
176,434,79,79
176,509,84,83
176,564,84,84
176,710,79,88
176,831,82,84
176,842,84,86
176,925,81,87
177,105,80,87
177,362,76,87
177,488,81,83
177,570,84,87
177,678,80,87
177,812,80,88
177,922,84,82
178,68,81,87
178,146,75,85
178,515,84,79
178,563,83,87
178,573,84,88
178,643,84,85
178,756,82,87
178,830,83,87
178,982,78,88
179,305,83,86
179,369,78,89
179,412,82,88
179,548,81,87
179,678,77,87
180,331,80,85
180,698,82,75
180,699,84,89
181,143,79,84
181,538,82,89
181,996,79,75
182,19,83,86
182,54,83,73
182,301,82,83
182,424,82,86
183,156,70,86
183,194,74,87
183,292,82,85
183,553,84,86
183,666,84,83
184,27,81,85
184,223,79,74
184,361,81,84
184,413,84,83
184,667,74,87
184,858,82,88
185,115,83,86
185,164,74,85
185,196,78,89
185,339,82,84
185,405,80,89
185,828,83,85
185,830,80,83
185,993,84,83
186,78,81,88
186,85,78,89
186,88,81,87
186,442,83,89
186,468,81,86
186,800,77,89
186,990,83,89
187,129,77,83
187,165,83,77
187,168,76,80
187,317,78,89
187,802,78,88
187,978,78,85
188,96,82,89
188,303,81,88
188,395,76,88
188,507,81,84
188,543,83,75
188,640,74,82
189,362,81,88
189,364,83,83
189,484,82,88
189,754,79,83
189,761,80,79
189,768,82,82
189,948,83,86
190,1,84,88
190,383,84,88
191,73,84,85
191,98,84,82
191,498,76,83
191,541,78,81
191,693,83,89
192,25,83,80
192,136,78,89
192,604,83,84
192,869,84,84
192,935,84,87
192,964,82,87
193,281,82,89
193,486,84,84
194,13,83,87
194,475,75,76
195,91,76,88
195,282,84,85
195,330,79,83
195,670,82,87
195,884,78,89
196,53,83,89
196,277,83,86
196,572,79,89
196,634,84,80
196,718,78,89
197,555,79,87
197,669,81,86
197,697,82,75
197,945,70,85
198,242,83,84
198,309,70,84
198,494,84,89
198,636,84,78
198,899,77,87
199,231,80,89
199,359,68,85
199,404,82,83
199,498,82,79
199,577,83,84
199,744,84,85
199,810,84,81
199,946,79,89
200,466,84,82
201,5,79,88
201,83,84,87
201,130,83,87
201,763,82,89
201,841,82,86
201,853,82,88
202,258,81,88
202,356,81,88
202,749,84,85
202,876,78,88
203,36,84,89
203,160,83,82
203,535,84,89
203,701,82,86
203,742,84,78
203,882,84,85
203,991,79,89
204,594,84,81
204,675,74,86
204,772,81,88
204,777,83,88
204,932,80,89
204,961,76,82
204,964,79,88
204,976,83,79
205,441,83,88
205,449,82,88
205,499,83,88
205,562,76,85
205,699,80,89
205,785,81,88
205,790,78,89
205,931,82,87
206,122,83,88
206,844,84,89
207,338,83,89
207,496,83,87
207,604,81,83
207,654,74,83
207,795,82,84
208,88,84,82
208,251,83,78
208,525,84,82
208,572,82,76
208,671,84,88
208,704,75,85
208,824,73,87
208,916,82,88
209,33,80,75
209,468,82,89
209,585,76,86
209,953,76,89
210,243,84,89
210,265,77,87
210,786,82,87
210,860,78,83
211,188,83,87
211,247,84,84
211,327,82,87
211,742,79,86
212,406,84,88
212,509,84,89
212,958,83,83
213,748,79,89
213,878,84,84
214,54,82,87
214,223,73,85
214,407,79,85
214,640,83,83
214,850,78,86
215,341,84,83
215,680,81,89
215,825,84,89
216,82,76,85
216,118,84,86
216,221,84,88
216,394,83,77
216,415,82,83
216,439,84,84
216,662,78,87
216,716,82,83
217,42,83,78
217,950,84,78
217,988,81,89
218,624,80,88
218,669,83,89
218,958,82,85
219,25,84,81
219,231,80,85
219,235,79,86
219,496,84,88
220,87,81,89
220,241,74,88
221,234,77,85
221,565,77,89
222,517,81,87
222,618,78,89
222,799,83,77
222,910,82,86
223,313,83,86
223,426,83,84
223,998,84,80
224,632,84,84
224,695,78,80
225,42,84,88
225,265,71,89
225,270,80,88
225,434,78,82
225,559,74,82
225,563,68,88
225,728,81,84
226,236,84,86
226,286,80,89
226,305,84,89
226,493,82,87
226,614,84,88
226,621,80,84
226,928,78,84
227,225,84,81
227,246,82,88
227,570,84,87
227,976,82,86
228,348,82,88
228,827,82,89
229,301,80,80
229,482,82,82
229,892,84,88
230,31,77,89
230,297,80,88
230,542,78,87
230,569,81,80
230,590,77,87
230,792,81,87
230,826,79,86
231,440,81,86
231,443,81,88
231,589,81,86
231,991,84,89
232,244,81,88
232,540,84,88
232,541,83,88
232,703,79,89
232,722,84,74
232,769,83,86
232,986,81,81
233,442,84,82
233,497,78,88
233,720,82,80
233,983,80,86
234,91,84,89
234,692,84,86
234,921,79,87
235,133,84,88
235,392,84,89
235,440,84,83
235,552,69,82
235,643,75,80
235,774,79,76
236,480,82,87
236,878,84,82
236,996,83,79
237,45,77,85
237,382,84,88
237,485,81,80
237,700,84,87
237,713,73,81
237,733,76,87
238,499,81,85
239,69,84,79
239,145,73,89
239,189,84,75
239,344,84,86
239,410,83,85
239,759,81,80
240,51,82,89
240,503,81,84
240,652,81,86
242,49,80,83
242,275,81,89
243,127,74,78
244,46,84,79
244,585,78,86
244,772,84,81
244,788,81,83
244,840,82,85
244,923,82,89
245,142,74,79
245,181,84,88
245,658,78,82
245,897,80,86
245,944,79,84
246,308,80,89
246,389,72,89
246,798,81,86
247,80,81,85
247,798,74,89
248,33,80,88
248,499,82,87
248,618,75,83
248,636,84,89
248,729,80,82
248,773,83,79
248,828,83,84
248,839,84,86
249,88,82,89
249,128,84,83
249,270,83,89
249,284,76,89
249,321,84,87
249,687,75,81
249,694,81,89
249,704,81,87
249,739,78,89
249,752,84,88
250,61,79,80
250,122,83,81
250,445,83,89
250,530,79,82
250,825,78,89
251,258,81,84
251,651,81,79
251,824,83,82
252,419,84,87
253,312,81,89
253,454,84,88
253,790,84,88
253,882,81,87
254,443,74,89
254,482,84,89
254,566,80,88
255,529,78,89
255,611,84,86
256,36,84,89
256,52,84,88
256,244,84,82
256,267,84,87
256,664,83,82
256,720,81,88
257,412,81,86
257,424,79,84
257,442,83,88
257,464,79,87
257,740,81,89
257,763,76,85
257,779,83,89
257,839,79,84
258,74,84,85
258,392,83,87
258,474,82,88
258,903,82,84
259,223,82,76
259,595,78,83
259,959,81,84
260,234,83,85
260,273,84,80
260,837,82,87
261,55,81,84
261,291,70,89
261,414,81,88
261,902,84,78
262,108,82,80
262,360,81,88
262,413,84,89
262,983,78,73
263,140,82,83
263,440,83,87
263,448,82,89
263,850,83,88
264,380,84,83
264,441,84,82
264,779,84,83
265,79,82,86
265,236,83,86
265,252,80,86
265,267,82,87
265,818,78,88
265,839,83,89
266,360,81,86
266,468,82,88
266,839,84,87
267,287,82,86
267,437,82,82
267,825,74,88
267,839,82,89
268,644,78,79
268,969,83,83
269,389,78,87
269,721,84,86
269,985,84,83
270,136,78,81
270,479,82,87
271,349,81,78
271,438,84,86
271,509,83,88
271,597,83,88
271,642,83,86
271,938,79,80
272,150,84,86
272,593,78,77
272,600,79,87
273,14,84,85
273,666,84,86
273,721,77,88
273,977,82,83
274,125,80,86
274,153,82,88
274,178,80,81
274,346,81,84
274,596,74,85
274,847,79,83
275,12,84,79
275,138,79,77
275,181,82,84
275,653,84,89
275,760,78,76
276,683,83,88
276,735,80,87
276,784,84,85
277,319,84,87
277,395,84,88
277,506,84,86
277,510,83,78
277,589,75,86
277,674,81,74
278,266,84,84
278,359,84,85
278,370,79,86
278,497,78,87
278,522,81,84
278,862,80,86
278,928,77,88
278,994,84,88
279,113,80,87
279,221,82,86
279,393,84,88
279,432,83,86
279,522,84,85
279,735,81,89
279,913,78,89
279,914,79,84
280,39,79,84
280,337,83,89
280,766,84,80
280,946,83,81
282,65,83,89
282,163,82,84
282,216,82,80
282,748,84,83
283,121,83,88
283,180,79,84
283,367,83,84
283,622,79,86
284,482,84,87
284,493,81,84
284,494,73,81
284,701,84,81
284,715,84,89
286,313,84,74
286,587,81,89
286,793,78,82
286,839,83,89
286,916,83,85
287,209,83,84
287,217,81,85
287,861,80,84
288,525,84,89
289,377,82,85
289,567,83,89
289,604,80,86
289,785,75,88
289,814,77,87
290,209,80,89
290,482,79,87
290,539,82,85
290,808,78,89
290,941,83,81
291,289,82,83
291,335,81,87
292,406,75,73
292,987,83,89
293,145,81,87
293,230,79,89
293,484,84,83
293,573,81,89
293,581,84,87
293,653,79,88
293,728,83,85
293,729,83,89
293,741,84,89
294,148,81,85
294,238,83,79
294,470,79,89
294,562,82,85
294,828,84,86
294,915,78,83
295,129,80,88
295,767,83,88
296,30,76,82
296,139,81,86
296,602,81,83
296,704,78,84
296,733,79,84
296,855,83,81
296,923,84,82
296,983,83,88
297,150,80,84
297,237,84,86
297,509,80,88
297,655,84,79
297,833,83,83
297,839,81,89
297,963,84,87
298,179,80,88
298,235,80,80
299,115,82,89
299,158,79,83
299,164,84,86
299,169,77,85
299,296,80,88
299,320,80,89
299,568,80,88
299,816,82,89
300,91,78,87
300,128,84,76
300,389,81,89
300,472,83,87
300,519,84,88
300,728,84,88
300,766,82,88
301,275,82,88
301,672,76,88
301,916,83,80
301,988,84,86
302,164,84,88
302,334,79,84
302,843,84,89
303,223,76,89
303,313,83,89
303,439,83,83
303,848,84,82
303,895,84,84
303,926,83,82
304,202,81,89
304,278,83,82
304,411,79,89
304,467,77,85
305,570,84,78
306,569,83,80
306,636,84,82
306,808,78,88
306,894,82,80
307,842,77,84
308,82,80,89
308,103,83,88
308,337,78,77
309,209,83,82
309,433,84,88
309,818,76,82
309,920,83,87
310,621,83,82
310,632,81,89
310,789,83,86
310,922,80,89
311,171,82,81
311,331,84,75
311,400,84,87
311,717,73,89
311,983,83,88
312,154,84,88
312,169,83,83
312,333,83,79
312,557,83,87
312,890,81,89
313,21,83,87
313,120,84,86
313,235,81,84
313,489,76,85
313,747,84,87
313,886,76,89
315,107,84,87
315,296,84,86
315,336,84,84
315,391,82,78
315,423,84,87
315,568,78,82
315,778,80,88
316,79,72,89
316,257,82,73
316,736,81,89
316,976,80,78
317,80,83,89
317,317,83,88
317,564,76,88
317,575,79,86
318,221,82,86
318,447,83,86
318,503,84,82
318,817,83,84
318,925,78,89
319,152,79,86
319,207,83,85
319,510,73,88
319,611,84,87
320,270,82,89
320,288,82,85
320,566,78,87
320,881,79,84
321,4,77,89
321,188,73,83
321,433,81,89
321,761,81,79
321,934,83,88
321,941,81,87
322,184,80,88
322,277,77,80
322,328,81,88
322,559,84,87
322,803,78,89
323,248,79,89
323,333,83,85
323,688,83,88
323,878,80,89
323,930,83,83
323,932,84,89
324,46,84,89
324,395,79,89
324,418,81,86
324,445,84,85
325,108,81,85
325,619,75,86
325,782,78,88
325,851,83,89
325,991,82,89
326,318,84,85
326,562,84,88
326,629,83,85
326,917,83,87
327,90,73,81
327,129,78,86
327,229,72,80
327,310,84,89
327,342,83,82
327,409,76,84
327,613,78,87
327,954,82,87
327,973,77,89
328,465,80,84
328,684,84,84
329,857,82,86
329,919,81,87
329,969,84,88
330,390,80,88
330,481,83,89
330,915,83,86
331,249,78,87
332,377,73,87
332,558,82,85
332,976,79,88
333,8,84,85
333,560,70,80
333,668,84,89
333,995,84,88
334,92,84,89
334,916,78,87
335,150,80,89
335,838,84,88
336,204,82,88
336,811,79,80
336,836,77,83
337,323,84,86
337,524,83,86
337,571,83,89
337,747,84,88
338,147,84,86
338,287,82,85
338,317,82,88
338,467,74,84
338,855,82,85
338,864,82,86
338,869,84,89
339,41,84,83
339,300,80,81
339,476,83,86
339,492,83,86
339,511,80,86
339,985,75,86
340,86,83,87
340,137,78,82
340,871,84,88
340,982,83,87
341,34,84,88
341,42,84,89
341,239,82,85
341,500,82,81
341,552,80,87
341,640,83,89
342,29,82,85
342,638,82,87
342,703,73,80
342,788,83,82
342,835,84,87
343,579,82,84
343,840,84,87
344,128,82,88
344,200,77,83
344,383,79,88
344,704,80,84
344,763,77,84
344,956,77,85
345,86,82,83
345,188,81,89
345,247,79,83
345,404,76,79
345,534,81,87
345,703,83,89
346,67,84,74
346,102,83,83
346,111,74,82
346,384,80,89
346,749,82,88
347,16,80,78
347,60,80,82
347,694,84,80
347,840,84,88
348,102,83,78
348,346,84,84
348,446,81,84
348,826,80,89
349,161,84,89
349,204,84,86
349,443,81,88
349,760,78,89
349,862,84,88
350,262,80,87
350,687,81,89
350,849,84,85
351,101,82,89
351,102,79,87
351,552,83,77
351,572,82,76
352,599,83,87
352,674,80,84
352,822,82,84
353,222,80,86
353,305,79,85
353,328,84,84
353,812,83,83
353,899,80,88
354,16,81,88
354,316,73,86
354,840,82,88
355,212,83,89
355,370,83,85
355,506,80,88
355,770,82,84
356,508,83,84
356,672,73,88
357,140,77,85
357,263,84,83
357,276,81,87
357,338,83,86
357,410,84,89
357,885,82,88
358,495,84,89
359,607,84,84
359,609,83,82
359,693,84,89
359,872,78,79
359,977,82,73
360,237,80,77
361,356,78,87
361,360,82,89
361,677,83,79
361,742,83,87
361,907,82,85
362,363,84,88
362,815,81,85
362,885,84,87
362,967,79,76
362,976,76,83
363,315,78,89
363,841,79,86
363,887,83,88
363,901,81,84
364,359,84,88
364,390,84,85
364,426,80,87
364,437,83,87
364,573,83,85
364,674,83,80
364,886,79,81
365,198,84,83
365,225,84,88
365,295,79,87
365,522,82,82
365,569,84,87
365,645,79,89
365,906,83,88
366,193,79,84
366,276,74,89
366,385,81,84
366,387,77,83
367,270,82,86
367,402,79,86
367,544,84,87
367,804,84,88
367,864,78,83
368,137,84,89
368,609,84,85
368,630,77,87
369,539,77,89
369,861,81,86
369,896,79,81
369,942,74,89
370,976,82,86
371,74,76,87
371,144,84,87
371,375,82,85
371,783,84,85
371,990,82,86
372,172,79,88
372,378,84,86
372,448,80,89
372,540,76,89
372,834,84,87
373,246,84,87
373,436,84,78
373,468,81,88
373,936,81,85
374,149,78,84
374,312,80,83
374,758,79,78
374,818,79,83
376,61,73,83
376,75,78,89
376,204,75,87
376,209,83,86
376,805,78,85
376,865,82,80
377,35,79,84
377,123,80,85
377,472,84,88
377,888,66,88
377,959,77,89
378,54,82,88
378,314,79,88
378,476,83,85
378,666,84,86
378,954,78,84
379,168,77,85
379,654,79,84
379,656,81,77
380,94,83,83
380,241,69,77
380,495,77,79
380,659,80,88
380,713,83,88
380,812,84,75
381,411,82,87
382,141,78,87
382,411,83,88
382,475,81,85
382,556,78,88
382,957,82,87
383,364,80,69
383,550,83,83
383,845,81,87
383,998,83,86
384,686,84,87
384,748,82,84
384,822,79,89
385,37,81,85
385,103,84,86
385,266,83,87
385,436,79,89
386,227,83,85
386,264,78,86
386,272,83,89
386,509,78,87
386,729,72,88
386,826,82,83
386,909,84,87
387,557,76,81
387,904,79,87
388,11,79,81
388,79,79,87
388,143,84,73
388,179,83,86
388,632,84,87
388,856,81,87
389,670,84,87
389,842,80,86
389,887,84,85
390,58,84,89
390,160,81,75
390,229,81,87
390,304,78,86
390,532,84,89
390,649,76,89
390,669,83,89
390,884,80,84
391,26,74,89
391,81,82,88
391,306,80,71
391,349,83,86
391,453,82,88
391,549,83,85
392,182,83,89
392,187,83,89
392,298,83,89
392,420,76,88
392,870,76,87
392,905,83,88
392,991,84,88
393,42,81,83
393,260,75,85
393,291,83,82
393,621,78,89
394,160,80,81
394,313,81,83
394,517,81,87
394,828,82,82
395,26,83,86
395,389,84,87
395,591,83,85
395,667,80,87
395,761,83,88
396,65,82,83
396,131,82,88
396,733,83,87
397,562,82,76
397,607,84,87
398,79,82,86
398,706,80,87
398,803,84,89
398,921,82,89
398,987,78,84
399,97,84,88
399,561,82,87
399,799,82,86
400,36,83,89
400,82,81,85
400,282,84,80
401,649,81,88
401,666,81,88
402,21,80,86
402,35,75,87
402,301,76,87
402,451,83,87
402,619,77,87
402,764,74,86
402,916,82,80
402,986,84,83
403,639,84,87
403,739,80,74
403,871,81,89
404,52,77,81
404,340,81,78
404,614,81,89
404,725,81,86
404,878,84,84
404,965,79,81
405,208,84,83
405,214,82,89
405,235,81,74
405,590,83,85
405,650,76,86
405,858,82,89
406,303,83,88
406,453,83,89
406,843,80,87
407,672,84,86
407,911,79,87
407,946,80,82
408,266,84,86
408,645,76,83
409,366,81,83
410,834,80,88
410,937,81,85
411,280,84,89
411,609,75,87
411,708,82,81
411,733,84,85
411,858,82,88
411,998,84,87
412,37,84,78
412,200,84,85
412,239,83,89
412,582,84,89
412,700,83,84
413,203,79,88
413,213,83,87
413,458,80,84
414,5,77,86
414,376,76,77
414,955,80,87
415,206,83,87
415,287,68,89
415,383,80,81
416,355,83,86
416,881,78,84
417,869,84,85
418,3,79,81
418,101,80,89
418,151,82,86
418,168,83,89
418,213,81,82
418,717,82,89
418,936,83,77
418,955,79,86
419,80,83,87
419,194,84,87
419,232,84,75
419,468,84,88
419,535,82,85
419,576,75,84
419,890,82,88
420,888,83,84
421,169,84,88
421,240,78,89
421,545,77,85
421,697,80,83
422,114,84,86
422,427,84,89
422,769,80,83
422,818,84,88
423,78,82,83
423,418,84,87
423,624,81,84
424,117,82,84
424,563,79,88
424,631,83,89
424,632,79,89
425,942,74,85
426,51,84,80
426,228,83,83
426,258,84,86
426,935,83,86
427,352,83,85
427,919,80,81
428,253,81,83
428,980,80,88
429,123,81,88
429,361,84,85
429,665,84,87
429,685,83,89
429,739,82,88
430,806,78,89
430,892,80,87
430,979,80,87
431,57,79,87
431,147,82,86
431,557,77,86
431,728,83,83
431,907,84,89
432,28,78,85
432,182,81,84
432,440,77,88
432,533,80,88
432,606,80,86
432,616,84,89
432,991,81,85
433,16,82,82
433,329,80,75
433,393,82,79
433,595,81,89
433,925,83,89
434,159,78,89
434,892,84,84
435,25,84,88
435,40,80,89
435,742,84,86
435,782,75,87
435,811,80,84
436,354,77,88
436,363,79,81
436,533,83,88
436,875,83,87
437,361,81,85
437,415,75,82
438,19,84,79
438,638,81,83
438,657,82,87
438,785,84,80
438,917,84,77
439,95,82,87
439,186,76,82
439,345,82,84
439,417,83,82
439,646,84,88
440,157,83,87
440,263,73,87
440,346,80,86
440,577,84,89
440,609,84,84
440,678,84,83
440,819,84,89
440,887,79,87
441,738,83,83
442,19,75,76
442,124,84,82
442,136,82,83
442,182,83,89
442,287,79,75
442,379,83,89
442,411,82,86
442,425,83,89
442,463,84,85
442,655,77,85
443,239,81,81
443,475,82,88
443,541,79,81
443,546,81,86
443,585,83,88
443,764,84,88
444,271,84,88
444,378,84,88
444,391,84,85
444,393,80,82
444,645,84,84
444,647,78,80
444,852,80,87
445,40,70,86
445,446,82,87
445,836,82,84
446,19,82,86
446,284,76,85
446,723,72,83
447,432,84,87
447,690,83,87
447,819,84,88
447,903,81,84
448,616,84,80
449,61,84,86
449,186,79,89
449,377,81,88
449,481,81,80
449,531,82,87
449,897,77,82
450,7,78,89
450,239,80,88
450,428,84,88
450,509,77,75
450,664,83,87
450,879,78,88
451,272,83,88
451,299,83,79
451,505,80,84
451,594,82,89
451,735,81,87
451,743,82,89
451,803,84,83
452,532,84,89
452,611,80,87
452,726,84,85
452,872,83,89
452,898,77,86
452,926,80,85
453,889,83,77
454,38,83,87
454,135,82,82
454,493,84,89
454,736,80,87
454,862,84,88
455,789,77,75
456,326,81,88
456,358,84,88
456,537,81,87
456,838,82,88
457,145,77,89
457,289,80,79
457,313,83,80
457,383,82,79
457,449,79,88
458,115,82,87
458,282,82,86
459,520,83,89
459,772,78,73
460,13,83,88
460,504,83,87
460,508,83,81
460,519,81,89
460,648,82,89
461,22,83,87
461,376,83,86
462,184,84,88
462,220,84,80
462,446,84,86
462,576,84,82
462,924,82,80
462,984,78,85
463,311,79,85
463,492,84,89
463,700,73,89
464,567,82,87
464,645,80,86
464,697,83,85
465,16,81,87
465,233,76,84
465,335,78,89
465,478,84,88
465,487,79,85
465,557,80,86
465,714,79,87
465,867,80,87
466,286,83,87
466,322,84,88
466,717,84,75
467,519,81,88
467,667,83,86
468,523,84,81
468,856,84,86
468,896,79,84
468,992,80,87
469,307,84,84
469,323,82,87
469,331,84,87
469,652,77,89
470,486,81,89
471,138,84,80
471,687,84,89
471,839,80,84
472,172,84,84
472,204,81,83
472,426,84,84
472,520,84,86
472,546,79,84
473,53,82,88
473,963,79,81
474,373,79,83
474,400,78,89
474,413,84,89
474,673,81,88
475,219,81,83
475,473,81,86
475,749,82,83
475,880,84,88
476,208,80,86
476,669,84,81
477,36,81,84
477,67,82,86
477,259,81,81
477,506,78,88
477,716,83,89
477,783,82,79
478,715,79,88
478,886,79,84
479,367,74,85
479,410,80,89
479,603,84,86
480,465,82,88
480,783,76,80
481,552,83,86
481,801,84,80
481,838,83,84
481,991,83,86
482,24,84,87
483,56,81,87
483,151,83,87
483,205,79,75
483,776,81,74
483,907,82,87
484,88,83,83
484,180,83,80
484,825,79,87
484,984,81,86
486,98,74,88
486,121,79,89
486,124,79,83
486,361,81,87
486,525,75,87
487,220,82,85
487,532,79,87
487,726,79,86
488,180,83,89
488,195,82,87
488,456,76,87
488,641,82,84
489,75,78,69
489,357,81,85
489,566,81,88
489,578,78,79
490,431,84,80
490,536,74,79
490,685,78,82
490,749,82,89
490,891,83,83
490,982,79,89
491,52,80,85
491,733,81,77
491,755,83,88
491,897,83,85
492,50,81,87
492,110,83,87
492,134,80,76
492,167,82,87
492,365,84,85
492,725,74,82
492,828,84,81
493,57,78,82
493,203,72,86
493,272,84,82
493,537,80,84
493,822,81,84
494,109,82,88
494,362,79,87
494,679,80,84
495,57,83,84
495,104,78,86
495,148,82,89
495,651,76,88
495,772,81,87
495,790,82,87
495,800,84,78
495,922,83,88
496,61,83,87
496,67,83,87
496,297,83,80
496,360,83,82
496,381,81,87
496,462,84,82
496,849,73,84
496,865,78,88
496,881,81,83
497,434,84,86
497,746,83,86
497,961,83,89
498,561,83,81
498,851,84,88
498,865,82,89
498,876,82,77
499,28,79,87
499,52,84,86
499,614,78,83
500,130,81,85
500,472,75,87
500,474,82,86
500,542,84,86
500,587,77,87
502,102,82,88
502,139,78,89
502,200,83,88
502,241,76,87
502,472,84,88
502,642,84,83
502,816,84,89
502,922,80,87
503,3,80,80
503,248,83,88
503,423,81,81
503,557,81,89
503,641,82,88
503,795,80,79
503,812,78,84
504,84,83,87
504,500,80,89
504,703,83,89
504,857,82,87
505,376,81,86
505,396,80,88
505,435,79,89
506,74,82,88
506,168,81,88
506,500,84,81
506,574,74,87
506,895,81,89
507,426,78,89
507,564,84,83
507,885,82,88
508,28,81,87
508,833,83,86
508,907,81,89
508,969,70,84
509,70,79,89
509,159,84,88
509,425,80,87
509,631,79,82
509,692,84,86
509,742,72,86
510,556,77,89
510,663,84,88
510,700,79,88
511,459,83,83
511,537,83,89
511,598,81,87
511,631,84,84
512,123,80,88
512,377,78,87
512,494,74,83
512,504,83,85
513,99,76,88
513,702,84,83
513,890,82,87
513,945,82,83
513,981,82,89
514,295,74,89
514,392,76,84
514,730,84,75
514,945,78,87
515,644,83,85
515,801,81,88
515,814,82,86
516,119,82,85
516,311,80,86
516,696,84,84
516,910,83,89
517,94,81,89
517,189,84,80
517,261,84,84
517,390,67,87
517,815,71,86
517,913,83,83
518,120,83,88
518,230,77,88
518,324,81,89
518,380,78,89
518,439,79,83
518,725,84,87
518,852,84,84
518,862,84,84
518,927,80,84
519,137,78,86
519,281,76,84
519,303,79,85
519,584,84,87
519,651,82,84
519,840,83,87
520,491,79,88
520,914,84,75
521,212,75,81
521,222,83,88
521,410,80,87
521,417,82,87
521,433,83,86
521,572,79,89
521,815,82,89
521,833,84,84
522,180,78,82
522,216,83,81
522,349,83,88
522,432,80,89
522,454,84,88
522,558,81,88
522,654,84,86
522,713,80,87
522,904,82,81
523,481,84,88
524,548,79,79
524,907,84,88
524,936,82,87
525,488,80,85
525,692,81,80
525,935,80,87
526,173,83,85
526,187,80,89
526,195,78,83
526,240,82,87
526,827,84,84
527,100,77,85
527,188,81,88
527,224,78,80
527,230,84,75
527,279,82,83
527,382,83,89
527,549,81,84
527,734,82,82
527,926,84,84
527,939,76,86
528,643,83,88
528,842,83,80
529,145,79,84
529,328,79,88
529,360,82,89
529,483,84,86
529,576,83,74
529,578,77,89
530,86,81,85
530,121,82,88
530,178,84,84
530,400,84,79
530,437,84,88
530,981,80,87
531,105,78,89
531,752,84,82
532,79,76,89
532,269,84,79
532,932,82,77
533,29,83,88
533,110,84,78
533,261,77,86
533,386,78,87
533,462,82,89
534,208,84,75
535,338,81,87
535,426,83,87
535,623,81,89
535,684,81,87
536,366,82,88
536,443,84,89
536,466,83,88
536,575,80,88
536,678,64,85
536,765,78,84
536,953,75,88
537,341,83,88
537,530,81,87
537,718,83,86
537,817,80,89
537,833,82,86
538,410,84,89
538,588,76,89
538,770,84,85
539,41,82,87
539,113,83,86
539,138,79,85
539,315,84,87
539,455,80,89
539,820,80,87
540,5,81,88
540,335,82,89
540,585,79,87
540,643,81,87
541,70,78,81
541,151,80,84
541,339,74,88
541,475,82,88
541,757,80,80
541,851,83,89
542,190,83,82
542,298,83,88
542,299,74,77
542,365,84,86
542,591,81,85
542,664,80,88
542,878,83,85
543,710,84,89
543,758,84,88
544,655,81,82
544,714,79,83
544,791,73,83
545,193,74,86
545,530,79,86
545,655,84,82
545,746,83,80
546,390,82,88
546,501,83,89
546,623,77,89
546,818,80,84
547,114,84,81
547,184,83,89
547,342,79,83
547,346,84,89
547,545,82,88
547,664,84,85
548,55,78,85
548,348,78,87
548,436,81,88
548,440,83,86
548,452,80,87
548,453,83,84
548,463,82,87
548,510,70,88
548,576,74,88
548,683,84,86
548,737,84,89
548,801,82,88
548,888,84,87
549,125,80,85
549,456,81,82
549,760,79,88
549,905,81,87
550,66,84,86
550,318,78,89
550,522,83,81
550,776,81,89
550,868,77,82
551,97,84,89
551,234,81,82
551,746,80,85
551,751,81,75
551,855,81,70
552,61,76,83
552,62,81,84
552,310,77,87
552,371,81,89
553,157,75,87
553,193,79,88
553,537,81,87
553,607,84,88
553,707,80,89
554,58,81,81
554,138,77,87
554,195,82,87
554,442,84,89
554,973,79,82
555,179,84,72
555,582,75,81
555,666,82,80
555,767,78,87
556,683,72,88
556,965,81,85
557,359,81,80
557,490,83,82
557,937,83,87
558,162,84,86
558,386,84,88
559,10,82,85
559,97,82,89
559,283,84,87
559,590,82,78
559,766,84,88
560,189,81,89
560,324,74,78
560,682,73,85
560,703,84,88
560,778,75,88
561,358,84,80
561,366,82,81
561,592,82,88
561,596,80,88
561,786,83,87
561,805,81,86
561,873,80,87
562,11,78,87
562,18,81,89
562,35,84,83
562,156,83,89
562,272,77,88
562,387,77,87
562,699,77,83
562,775,75,84
562,777,84,89
562,932,82,86
563,75,76,80
563,663,84,86
564,324,84,83
565,62,82,89
565,124,76,79
565,282,84,87
565,971,80,85
566,411,81,89
566,447,80,87
566,737,77,87
566,769,76,85
566,906,79,87
566,993,77,86
567,72,84,82
567,595,78,89
567,812,83,87
567,869,81,83
568,474,80,88
568,654,81,87
568,666,81,89
568,794,80,85
569,143,70,87
569,274,84,86
569,275,82,88
569,408,82,85
569,887,84,88
569,943,81,76
570,693,74,86
570,897,84,86
571,235,82,80
571,269,84,87
571,469,84,84
571,492,74,88
571,524,82,89
571,575,81,88
571,700,84,86
571,730,83,89
572,16,82,85
573,276,81,89
573,365,78,89
573,679,81,87
574,317,82,89
574,399,81,88
574,505,83,89
574,769,84,86
575,172,81,84
575,346,79,87
576,748,83,89
576,971,83,88
577,174,84,82
577,776,83,84
578,380,80,88
579,464,76,89
579,479,84,83
579,655,84,89
579,704,79,86
579,724,83,89
579,751,75,88
579,768,84,89
579,971,81,81
580,548,81,89
581,156,82,88
581,626,79,85
581,889,83,87
582,61,81,85
582,67,82,87
582,90,82,72
582,341,83,87
583,310,77,88
583,523,82,86
583,597,83,76
583,684,74,88
583,889,84,87
583,920,84,79
584,768,83,76
585,60,84,84
585,224,77,88
585,459,78,88
585,548,78,82
585,744,82,89
585,990,81,86
586,96,79,82
586,373,81,86
586,830,80,89
586,901,81,78
587,716,80,85
588,17,84,84
588,571,84,69
588,589,82,84
589,178,79,77
589,393,84,88
589,470,81,88
589,845,83,89
589,939,79,86
590,280,82,89
590,925,78,86
591,55,81,84
591,523,83,89
591,603,84,87
591,684,80,80
591,952,84,86
592,223,77,86
592,379,84,86
592,471,83,86
592,532,78,85
592,868,80,88
593,191,76,85
593,367,83,87
593,455,82,89
593,649,83,88
594,249,81,80
594,251,78,82
594,310,76,88
594,433,84,84
594,587,82,83
594,966,84,80
595,151,84,89
596,126,83,88
596,367,78,87
597,113,84,88
597,283,84,81
597,292,82,85
597,736,81,89
597,845,77,89
597,911,82,86
598,224,83,88
598,363,82,86
598,739,84,88
598,895,82,87
598,926,84,88
599,223,84,82
599,322,73,89
599,456,79,89
600,613,84,89
600,952,83,87
601,353,84,88
601,924,80,84
602,6,80,87
602,357,77,87
603,177,83,84
603,583,82,85
603,621,76,86
603,758,77,82
605,353,81,87
605,356,83,89
605,396,83,87
605,724,84,88
606,464,79,84
606,527,81,88
606,998,81,85
607,25,84,87
607,92,74,89
607,252,80,85
607,447,84,86
607,494,80,86
608,350,83,87
608,528,75,85
608,694,77,86
609,74,82,80
609,176,83,87
609,236,83,83
609,271,71,88
609,847,78,88
610,552,83,82
610,634,83,89
610,975,84,85
611,71,77,88
611,192,72,85
611,237,79,85
611,315,83,86
611,354,81,88
611,632,83,86
611,711,70,86
612,80,84,87
612,179,73,87
612,390,80,87
612,527,82,88
614,2,84,89
614,93,84,88
614,594,82,84
614,768,84,87
615,737,72,82
615,843,81,89
616,289,83,86
616,468,76,83
616,856,82,88
617,224,83,88
617,297,81,88
617,524,75,87
617,639,83,80
618,517,79,85
618,558,80,82
618,701,76,87
619,167,82,88
619,375,84,89
619,410,79,83
619,936,72,87
619,940,75,88
619,969,78,86
621,104,77,83
621,303,76,86
621,314,84,88
621,628,84,87
621,889,77,84
621,929,77,88
622,85,75,88
622,267,79,86
622,370,81,88
622,711,80,77
622,838,79,87
623,58,84,88
623,77,82,88
623,133,74,89
623,252,83,87
623,677,83,81
623,810,82,89
624,70,71,89
624,135,82,89
624,797,79,87
624,930,84,85
624,940,78,83
625,110,82,88
625,181,75,88
625,270,84,82
625,280,81,88
625,305,81,84
625,672,84,89
625,801,84,84
625,803,76,88
625,845,81,88
625,865,82,89
625,884,84,83
626,340,82,89
626,506,79,87
626,546,80,83
626,624,81,82
626,686,81,82
626,790,83,88
627,173,83,79
627,924,80,83
628,314,84,86
628,339,82,86
628,411,83,86
628,855,80,87
629,283,82,78
629,293,84,89
629,381,75,85
630,439,81,89
631,647,81,89
631,797,84,84
632,163,82,87
632,352,83,81
632,442,80,88
632,579,83,88
632,714,80,88
632,858,77,89
632,903,80,79
633,246,84,83
633,256,80,85
633,398,83,88
633,611,84,88
633,815,82,81
633,967,83,88
633,978,80,87
634,191,83,88
634,197,76,84
634,656,84,87
634,665,81,89
634,850,83,83
634,933,82,84
635,358,81,84
635,370,84,80
635,867,79,87
635,875,81,87
635,982,74,88
636,273,83,85
636,370,84,77
636,568,79,89
637,346,80,86
637,394,78,88
637,730,83,86
637,757,80,87
637,860,82,89
637,914,83,87
638,137,83,84
638,166,84,89
638,205,68,87
638,401,83,87
638,682,82,86
638,943,81,88
639,322,78,86
639,450,83,88
639,603,84,87
640,73,73,87
640,310,77,84
640,656,76,88
641,232,81,87
641,618,79,86
641,677,84,86
642,433,84,80
642,854,84,87
642,936,81,80
643,62,79,84
643,395,81,86
643,812,80,88
644,35,70,84
644,137,83,86
644,226,84,79
644,309,82,83
644,956,83,88
645,50,80,80
645,178,83,88
645,362,83,78
645,499,83,88
645,652,83,88
645,937,79,85
647,185,83,87
647,269,84,85
647,736,83,85
648,445,83,86
648,483,84,89
648,529,82,86
648,718,73,86
648,794,83,88
648,840,78,80
649,122,82,87
649,465,82,87
649,611,80,87
650,488,80,88
650,577,76,80
650,724,75,89
650,757,83,78
650,848,82,83
650,921,83,87
650,942,84,86
651,51,81,89
651,56,81,88
651,592,82,89
651,826,78,88
651,858,84,88
652,104,83,81
652,905,79,86
653,94,84,81
653,141,81,87
653,809,82,84
653,875,79,85
654,170,84,89
654,286,82,82
654,372,82,89
654,577,79,88
654,996,82,86
655,167,80,87
655,565,80,82
655,582,84,89
655,863,81,83
656,871,80,88
657,101,79,86
657,458,81,80
657,762,76,87
657,849,81,89
658,49,79,85
658,228,84,87
658,415,76,87
658,726,81,88
658,793,83,87
658,848,83,83
658,985,82,84
659,226,78,87
659,229,84,87
659,280,84,86
659,404,71,81
659,682,80,85
659,869,80,87
661,514,84,86
662,149,77,78
662,413,77,89
662,436,77,87
662,512,81,85
662,625,79,81
662,703,74,86
663,145,84,78
663,832,83,87
664,108,67,84
664,332,82,85
664,343,70,87
664,417,83,89
665,21,83,89
665,81,80,82
665,415,79,89
665,705,73,80
665,885,84,85
666,130,81,85
666,229,79,70
666,603,82,85
666,738,82,87
667,447,80,88
667,504,84,89
667,686,81,86
668,295,84,86
668,398,84,88
668,412,72,85
668,456,84,87
669,177,82,83
669,614,84,81
670,485,84,89
670,624,83,86
670,858,80,87
671,30,82,80
671,342,80,85
671,834,84,87
672,30,82,84
672,38,82,81
672,272,82,86
672,400,84,88
673,50,84,82
673,169,80,79
673,215,83,89
673,373,82,88
673,487,82,86
673,678,83,86
673,958,79,86
674,59,77,88
674,237,74,87
674,963,83,88
675,12,83,86
675,38,82,85
675,240,83,86
675,787,82,83
675,905,83,83
676,336,82,84
676,547,79,89
676,614,82,89
676,733,81,78
676,805,80,89
676,814,78,87
677,274,83,89
677,355,78,84
677,379,78,84
677,623,84,87
677,639,83,85
677,841,83,86
677,970,84,86
678,67,81,89
678,171,69,84
678,261,84,86
678,528,76,88
678,576,80,89
678,690,81,89
678,886,83,86
679,107,81,88
679,241,84,80
679,457,84,88
679,624,79,89
680,750,83,87
681,39,82,86
681,165,83,86
681,250,84,87
681,487,81,87
681,550,84,81
681,569,84,86
681,661,82,87
681,671,82,84
681,709,81,89
681,791,76,86
681,954,83,87
682,649,79,83
683,517,82,78
684,425,78,88
684,473,71,77
685,94,83,87
685,110,79,88
685,201,84,87
685,205,80,89
685,605,77,82
685,783,80,86
686,224,76,87
686,666,78,85
686,730,81,82
686,789,80,89
686,948,84,85
686,966,84,86
687,33,82,86
688,143,80,89
688,301,81,85
688,383,82,87
689,22,81,89
689,75,84,89
689,240,74,86
689,331,81,89
689,369,76,86
689,611,75,81
689,815,83,86
690,21,77,89
690,94,80,88
690,423,81,89
690,861,83,84
691,85,83,87
691,300,83,84
691,446,82,89
691,683,84,88
691,756,75,87
691,934,82,85
692,80,81,86
692,371,83,88
692,779,83,86
692,874,81,89
693,89,84,84
693,96,81,89
693,570,78,81
694,90,84,89
695,282,81,86
695,406,77,88
695,445,84,81
695,557,82,87
695,631,81,86
695,885,84,88
696,116,81,89
696,420,80,79
696,472,84,82
696,710,84,88
696,870,82,83
697,264,77,88
697,390,73,86
698,10,83,88
698,247,83,85
698,259,84,89
698,355,83,89
698,425,80,89
698,594,80,89
698,683,83,85
698,684,78,85
699,37,84,77
699,224,83,82
699,939,75,88
699,958,78,88
699,971,80,84
700,239,82,83
700,581,81,84
700,774,81,80
701,518,83,83
701,673,81,83
701,707,80,87
701,786,82,87
701,826,83,86
701,956,73,86
702,9,84,86
702,524,73,81
702,530,83,83
702,687,82,88
702,700,81,84
702,743,78,88
702,780,84,88
703,862,82,87
703,866,84,81
703,881,82,88
703,914,83,84
704,35,83,88
704,311,81,88
704,647,77,87
704,740,83,87
704,758,79,88
705,65,82,88
705,127,79,83
705,473,84,87
705,677,84,88
706,120,80,89
706,331,79,84
706,422,82,86
706,868,83,79
706,890,83,84
707,3,69,89
707,509,78,85
707,544,80,86
707,960,83,87
708,29,78,86
708,327,83,87
708,459,83,87
708,515,82,89
708,633,83,86
708,635,84,87
709,664,80,85
709,705,80,89
709,744,77,87
710,76,83,86
710,316,78,83
710,458,84,84
711,34,84,88
711,303,78,85
711,413,81,86
711,730,80,83
711,745,78,81
711,886,84,86
712,23,84,84
712,597,84,82
712,782,82,84
713,269,79,86
714,570,81,88
714,660,81,89
715,187,79,82
715,206,81,82
715,266,76,88
715,816,81,86
716,33,78,83
716,252,84,88
716,768,82,81
716,825,84,89
716,955,83,88
717,171,81,86
717,225,78,84
717,819,79,77
717,844,78,84
717,997,82,87
718,171,79,85
718,660,80,80
718,783,83,88
719,295,75,89
719,308,79,87
719,720,82,80
720,570,79,89
721,410,84,82
721,483,84,89
721,778,83,87
721,894,84,88
722,88,78,82
722,272,74,89
722,406,84,86
722,537,83,84
722,973,81,86
723,324,76,89
723,608,83,78
724,434,74,83
724,455,83,87
724,508,74,85
724,685,73,88
724,727,83,78
724,798,81,89
725,1,79,87
725,28,79,80
725,726,83,82
725,858,75,86
726,358,80,83
726,500,84,87
726,765,84,89
726,855,73,86
727,631,83,84
727,945,83,80
728,177,72,83
728,739,76,88
729,39,83,84
729,80,81,89
729,257,84,75
729,271,79,75
729,381,74,86
729,523,82,85
729,837,76,85
729,877,83,85
729,992,77,85
730,196,83,89
730,473,84,87
731,488,77,85
731,901,82,70
732,82,81,85
732,233,80,88
732,317,82,89
732,319,82,82
732,441,80,85
732,503,82,84
732,636,83,81
732,811,84,83
732,933,79,84
732,949,82,82
733,448,83,85
733,763,81,75
734,3,84,87
734,5,80,79
734,60,83,86
734,155,71,87
734,166,84,86
734,212,83,79
734,219,84,88
734,280,82,85
734,546,84,87
734,661,81,86
734,772,74,84
734,918,82,87
734,995,77,79
735,219,75,87
735,282,84,89
735,478,84,89
735,722,84,86
735,747,80,89
735,919,84,88
736,13,77,87
736,181,80,89
736,495,78,85
736,779,79,89
738,56,72,86
738,164,81,87
738,251,79,86
738,295,77,87
738,951,84,85
739,291,84,78
739,625,80,83
739,778,80,83
740,545,82,83
740,901,81,88
741,883,81,82
741,974,83,87
742,191,80,84
742,425,83,83
742,528,84,89
743,172,83,86
743,221,84,87
743,287,84,82
743,443,84,84
743,604,84,89
744,52,84,86
744,285,76,82
745,97,82,86
745,100,80,86
745,128,77,87
745,230,73,87
745,413,84,86
745,539,77,85
745,556,72,82
746,46,84,88
746,150,81,76
746,205,84,87
746,212,79,88
746,255,84,81
746,961,82,85
747,1,84,82
747,56,81,88
747,363,83,89
747,732,76,81
747,798,83,82
748,284,84,85
748,484,83,82
748,598,78,88
748,833,84,85
749,333,84,86
749,381,83,89
749,516,80,87
749,717,80,86
749,857,78,86
749,881,82,88
750,9,78,85
750,93,78,88
750,119,82,88
750,205,84,86
750,461,83,87
750,685,82,84
750,866,79,88
750,871,78,86
751,103,82,89
751,129,82,89
751,175,81,89
751,302,81,83
751,649,77,84
752,117,84,89
752,367,79,89
752,519,83,88
752,594,84,87
753,458,79,87
753,563,75,85
753,582,84,81
753,602,83,87
753,757,84,86
753,911,80,86
754,436,82,89
754,469,73,88
754,520,82,88
755,533,84,89
755,978,79,89
756,2,84,85
756,322,69,86
756,361,83,86
756,493,80,89
756,803,83,86
756,844,69,88
756,944,79,89
757,43,84,78
757,566,84,88
757,854,81,89
757,857,80,86
757,954,77,89
758,160,80,86
758,480,80,88
758,939,84,88
759,19,79,89
759,84,69,88
759,186,84,89
759,437,80,88
759,485,79,87
759,918,80,87
760,97,79,79
761,786,80,85
762,585,84,83
762,815,83,89
762,889,79,88
763,31,75,89
763,270,82,88
763,629,80,87
763,738,83,88
764,225,81,86
764,320,84,85
764,431,78,81
764,572,84,89
764,837,79,80
765,87,84,84
765,97,83,88
765,184,79,86
765,259,84,83
765,432,83,87
765,582,82,86
765,623,84,89
765,656,83,84
765,773,81,87
766,514,83,88
766,531,82,85
766,556,80,82
766,654,84,89
767,400,84,86
767,601,74,83
767,671,83,75
768,57,82,77
768,241,82,89
768,447,84,86
768,504,74,83
768,692,83,89
768,900,79,88
769,129,81,86
769,291,72,89
769,421,84,89
769,598,81,89
769,606,82,85
769,666,81,84
769,752,78,81
770,833,81,84
771,71,83,83
771,279,82,89
771,398,78,89
771,440,82,87
771,603,81,88
773,607,80,89
773,798,84,89
774,206,84,82
774,315,78,89
774,803,84,84
775,741,83,87
776,34,83,85
776,48,84,79
776,76,81,83
776,179,80,88
776,277,80,87
776,419,77,85
777,167,83,89
777,276,81,87
777,375,82,88
777,703,72,88
778,266,81,84
778,340,83,88
778,358,80,83
778,782,79,85
778,974,78,78
779,336,83,89
779,375,82,87
779,394,81,87
780,36,72,88
780,40,76,86
780,94,81,89
780,277,78,85
780,454,84,82
780,534,77,84
780,931,77,89
780,981,79,86
780,994,81,86
781,119,83,87
781,470,79,89
781,640,79,82
781,824,78,77
781,882,83,87
782,49,79,89
782,75,77,84
782,245,74,89
782,420,75,86
782,856,84,89
783,5,84,86
783,733,81,88
783,790,84,83
784,52,80,85
784,939,79,89
785,177,83,89
785,229,83,83
785,607,76,87
786,14,82,84
786,204,76,84
786,359,81,87
786,744,80,80
786,806,82,89
786,984,82,88
787,639,79,85
787,802,77,82
787,990,82,78
788,562,81,89
788,683,83,89
789,629,80,84
790,65,81,88
790,126,82,87
790,786,83,85
791,162,72,87
791,320,84,85
791,330,84,82
791,432,76,88
791,660,82,86
791,750,81,89
791,942,81,87
792,227,84,74
792,396,84,86
792,854,84,82
793,157,83,86
793,261,82,84
793,407,82,82
794,733,84,86
794,767,83,81
794,877,84,77
795,282,77,87
796,635,83,84
796,732,76,86
796,892,77,85
797,341,82,85
797,380,83,81
797,722,82,86
797,825,77,85
798,15,75,74
798,196,84,75
798,771,83,86
798,807,77,84
798,970,73,85
799,447,83,88
799,496,80,79
799,533,81,76
799,619,77,89
799,693,82,87
799,950,84,86
799,977,79,89
800,7,80,85
800,378,82,88
800,897,84,87
801,435,84,87
801,761,84,86
801,775,83,78
801,829,83,76
802,179,79,88
802,333,83,86
802,840,84,82
802,939,78,86
803,569,82,85
803,572,83,87
803,839,84,84
804,146,77,81
804,251,77,89
804,259,79,84
804,448,79,81
805,226,82,87
805,303,83,89
805,378,84,84
805,690,84,88
805,842,84,89
806,143,82,83
806,169,81,87
806,384,77,88
806,621,81,84
806,928,82,85
807,229,82,82
807,615,81,84
808,270,83,82
808,328,82,88
808,378,81,85
808,523,81,81
808,869,82,86
809,105,84,88
809,770,81,89
809,916,77,86
810,75,81,89
810,369,79,83
810,533,83,88
810,556,84,83
810,775,80,86
810,781,84,89
810,816,82,87
811,93,84,87
811,413,79,80
811,641,83,86
811,905,81,83
811,967,78,87
812,35,84,84
812,93,82,82
812,173,80,84
812,260,82,84
812,605,77,88
812,823,76,80
813,497,81,89
813,512,83,89
813,622,78,79
814,118,72,89
814,252,82,89
814,568,83,87
815,130,81,88
815,397,83,87
816,98,82,87
816,186,84,81
816,251,81,84
816,752,80,76
816,926,82,86
817,439,81,89
817,526,84,87
817,584,84,83
817,808,82,80
818,15,75,88
818,307,84,88
818,691,80,86
819,214,81,88
819,479,79,82
820,259,84,85
821,358,81,89
821,605,76,82
822,58,83,83
822,313,84,84
822,893,80,85
823,271,84,83
823,272,81,87
823,367,74,77
823,512,84,87
823,602,82,88
824,29,83,80
824,98,84,86
824,391,78,88
824,406,84,87
824,717,82,83
824,974,81,71
825,832,84,87
825,974,84,85
825,984,82,87
826,356,80,84
826,452,82,87
826,824,80,82
827,358,81,81
828,74,83,86
829,375,84,83
829,761,84,86
830,384,81,87
830,714,84,89
831,8,83,89
831,44,75,89
831,260,84,85
831,478,75,89
832,192,80,89
832,331,83,73
832,684,80,89
832,992,83,85
833,218,82,80
833,614,82,87
833,656,78,88
833,822,83,89
834,181,81,84
834,585,79,82
834,736,79,89
834,823,83,79
835,15,76,87
835,124,84,80
835,209,79,89
835,352,81,88
835,362,82,79
835,466,84,86
835,729,84,82
835,907,79,82
836,351,83,86
836,728,81,86
836,741,76,88
836,938,76,87
837,545,84,79
837,723,83,84
838,129,83,89
838,320,77,85
838,373,83,82
838,487,79,87
838,640,80,87
838,735,77,84
838,779,81,85
838,817,83,85
839,126,81,85
839,162,82,87
839,285,83,87
839,423,81,84
839,783,78,88
839,812,82,87
840,1,82,83
840,120,82,77
840,157,83,89
840,365,82,86
840,494,81,89
840,818,84,85
840,845,83,89
840,888,77,85
841,344,81,88
841,511,81,89
841,541,84,87
841,858,82,85
842,76,82,89
842,392,82,88
842,466,84,76
842,492,82,88
842,703,78,87
843,82,83,88
843,157,84,89
843,404,81,86
843,431,84,78
843,498,78,89
844,29,78,85
844,216,83,76
844,668,73,85
844,947,83,87
845,247,81,86
845,723,79,89
845,781,75,89
845,966,83,83
846,182,84,73
846,333,81,89
846,502,81,85
847,236,77,89
847,548,84,84
847,574,81,87
847,635,84,85
847,857,83,87
847,866,80,87
848,186,78,89
848,425,84,87
848,943,78,89
849,564,82,84
849,608,84,86
849,741,84,84
850,132,84,84
850,204,76,89
850,359,80,81
850,484,82,87
851,524,79,89
851,717,74,84
852,123,84,88
852,449,83,74
852,588,81,89
852,907,82,89
853,251,84,89
853,439,82,84
853,533,80,86
853,901,81,85
854,78,84,81
854,141,84,89
854,227,82,87
854,346,76,88
854,404,84,88
854,486,80,84
854,741,80,84
854,805,77,70
855,583,84,82
855,860,78,84
855,973,79,89
856,160,79,89
856,168,73,86
856,228,83,89
856,453,78,74
856,743,81,81
856,857,83,87
856,881,81,89
857,37,82,88
857,304,78,89
857,387,84,89
857,796,73,86
857,967,80,86
857,993,81,89
858,274,79,75
858,500,84,86
858,612,80,76
858,737,81,76
858,751,82,79
858,771,83,85
859,104,84,88
859,111,83,86
859,830,72,88
860,287,78,88
860,500,84,88
860,596,80,88
860,622,83,84
860,750,81,89
861,197,81,76
861,627,79,87
861,757,83,85
862,43,79,86
862,52,74,89
862,109,79,85
862,328,84,89
862,342,76,87
862,383,79,87
862,510,84,88
862,729,84,88
862,751,76,89
863,522,83,87
863,523,83,86
863,835,83,84
863,974,80,86
864,321,81,88
864,758,78,76
864,898,84,89
865,49,80,89
865,432,80,86
865,820,82,82
865,831,82,85
866,586,79,85
866,764,83,87
866,866,79,83
866,908,81,85
867,2,83,86
867,96,84,87
867,304,77,85
867,787,82,88
868,23,84,76
868,314,79,84
868,380,84,85
868,671,82,87
869,74,83,81
869,120,84,88
869,233,79,85
869,588,84,82
869,597,83,84
869,662,84,89
869,859,76,85
870,1,82,85
870,97,83,89
870,888,82,78
871,742,84,84
871,769,81,81
871,937,84,85
872,172,83,88
872,177,84,88
872,369,78,81
872,633,83,88
872,685,83,88
872,803,73,87
873,288,81,83
873,556,84,82
873,678,80,86
873,912,77,89
874,51,80,84
874,664,79,89
874,864,66,87
875,170,79,89
875,243,81,89
875,916,83,89
876,390,83,87
876,454,84,87
876,681,83,84
876,730,81,87
876,924,82,83
877,137,83,89
877,246,73,87
877,867,81,81
877,921,84,88
878,492,84,87
878,710,81,85
878,739,84,85
878,770,84,89
878,804,83,84
879,363,84,89
879,634,82,89
879,776,80,84
879,874,75,86
880,303,84,89
880,394,84,80
880,648,83,88
880,930,83,88
881,42,82,89
881,74,83,89
881,518,82,88
881,847,79,87
881,998,84,81
882,84,83,82
882,724,79,86
883,14,78,85
883,76,82,89
883,198,81,86
883,420,83,73
883,534,82,89
884,172,78,86
884,757,84,84
885,429,84,86
885,580,84,86
885,741,83,86
885,997,81,78
886,291,84,88
886,399,84,87
886,861,80,89
886,881,75,87
887,356,81,76
888,506,80,89
888,604,81,83
889,89,84,84
889,231,81,88
890,245,83,84
891,120,81,85
891,342,78,87
891,502,84,87
892,451,76,84
892,557,83,89
892,584,81,88
892,594,79,77
892,618,84,75
892,788,79,88
893,22,81,85
893,84,84,89
893,775,83,81
893,971,76,83
894,834,83,81
894,879,84,89
895,140,81,87
895,514,81,85
896,686,83,89
896,705,80,86
896,783,84,78
896,992,80,88
897,30,84,89
897,427,79,84
897,509,81,88
897,867,82,86
897,926,75,82
897,959,77,87
898,71,84,84
898,124,83,88
898,261,83,83
898,306,83,86
898,324,76,78
898,485,84,89
898,536,83,89
898,800,80,89
898,951,81,89
899,88,84,81
899,139,83,88
899,705,82,89
899,812,81,87
900,66,81,86
900,346,83,84
900,599,82,89
901,514,79,81
901,795,82,87
902,184,83,87
902,886,80,88
903,289,84,85
903,398,84,89
903,446,83,89
903,634,81,88
903,724,81,89
904,56,83,85
904,701,81,89
904,763,81,88
905,132,79,89
905,160,82,88
905,183,82,80
905,265,81,87
905,529,76,89
905,707,82,89
906,169,82,89
906,366,84,83
906,371,80,89
906,469,82,89
906,591,84,83
906,708,79,89
907,209,83,85
907,252,80,86
907,329,79,87
907,344,82,84
907,366,80,86
907,422,79,85
907,542,84,83
907,591,84,87
907,995,77,88
908,377,77,88
908,428,80,87
908,648,79,82
908,671,83,82
909,465,83,73
909,532,73,82
909,559,81,89
909,642,81,88
909,833,83,83
910,161,81,76
910,321,84,83
910,556,80,87
910,655,77,89
910,793,76,84
910,864,83,88
911,733,83,81
911,957,78,88
912,226,84,86
912,444,84,83
912,698,84,74
913,441,82,84
913,490,79,89
913,639,79,89
913,761,82,85
913,948,73,81
914,881,74,88
914,911,83,79
914,977,84,81
915,54,82,87
915,450,73,83
915,537,83,89
916,50,84,81
916,819,73,89
917,104,84,89
917,184,84,88
917,216,83,85
917,461,77,89
917,671,81,89
917,963,84,89
918,840,73,89
919,78,83,87
919,472,82,87
919,529,81,88
919,970,80,89
920,268,84,89
920,429,81,89
920,621,74,87
920,904,74,86
920,936,84,88
921,156,81,89
921,247,81,88
921,668,71,87
922,147,84,86
922,569,81,88
922,625,84,88
922,805,82,88
923,155,82,89
923,355,83,89
923,449,84,88
924,78,81,85
924,333,83,87
924,358,81,88
924,653,82,86
924,705,83,87
924,709,78,88
925,92,81,89
925,173,82,86
925,281,83,87
925,465,80,88
925,913,82,82
925,919,83,86
925,956,84,84
925,998,81,88
926,464,80,88
926,467,84,71
927,155,81,81
927,604,82,78
928,11,82,88
928,101,83,87
928,267,84,83
928,310,80,79
928,390,81,80
928,720,78,79
929,20,81,87
929,38,80,88
929,78,81,88
929,201,83,88
929,458,75,88
929,605,83,88
929,817,82,89
930,6,84,83
930,193,83,89
931,329,76,86
931,564,83,88
931,789,78,74
932,239,80,85
932,577,83,82
932,648,79,88
932,921,83,85
933,502,84,87
933,765,83,86
933,884,74,89
934,92,83,83
934,284,78,81
934,458,83,85
934,488,83,88
934,762,80,82
935,78,82,87
935,132,73,89
935,742,77,82
935,813,82,81
935,945,76,78
936,163,82,88
936,181,83,88
936,898,82,89
936,955,84,80
937,611,83,85
938,368,83,89
938,830,84,87
938,990,84,80
939,286,83,84
939,553,74,87
939,659,82,86
939,726,77,88
939,824,74,85
940,139,79,89
940,597,84,88
941,5,81,83
941,78,84,88
941,158,84,86
941,260,83,89
941,346,79,83
941,382,74,85
942,588,84,83
942,616,83,88
942,648,83,85
942,732,81,89
942,921,83,87
942,950,80,89
943,12,83,83
943,14,84,88
943,124,82,87
943,193,75,89
943,548,74,89
943,730,78,89
944,29,71,83
944,517,84,86
944,587,79,89
944,599,79,86
945,160,84,78
945,349,84,87
945,402,83,79
945,464,84,89
945,770,82,86
946,131,83,88
946,161,83,86
946,310,81,86
946,322,78,83
946,831,84,88
947,280,80,88
947,756,77,85
947,789,84,89
948,126,84,85
948,127,80,71
948,394,84,87
948,490,83,83
948,852,81,88
949,25,82,89
949,156,83,80
949,210,83,87
949,446,84,86
949,472,78,80
949,629,83,89
949,951,77,85
950,39,83,84
950,370,84,87
950,395,84,86
950,500,82,89
950,548,83,79
950,683,80,87
950,731,78,80
950,738,84,89
951,404,84,88
951,438,79,89
951,566,77,86
951,608,78,78
951,806,82,85
952,93,81,88
952,337,81,88
952,789,80,89
953,184,79,86
953,608,83,79
953,767,80,89
953,932,82,87
954,126,84,83
954,602,75,86
954,736,83,89
954,944,84,85
955,2,79,86
955,211,81,87
955,355,81,84
955,417,84,85
955,506,83,88
955,533,78,82
955,705,82,88
955,844,80,87
956,299,82,84
956,341,81,89
956,617,75,89
956,910,77,87
957,69,78,84
957,117,80,81
957,467,79,89
957,807,81,82
958,705,84,82
958,717,84,75
958,746,83,88
958,934,82,87
958,985,83,87
959,700,75,86
959,754,76,82
959,948,82,88
960,66,81,86
960,142,72,89
960,195,83,87
960,246,83,87
960,324,79,86
960,890,80,88
960,938,80,86
960,997,84,84
961,134,83,85
961,224,82,86
961,498,80,87
961,523,80,82
961,569,77,89
961,663,84,84
961,725,79,89
962,225,79,89
962,308,84,89
962,535,82,88
962,800,82,81
962,882,84,88
963,14,80,83
963,814,81,87
963,891,80,88
963,935,83,81
963,991,81,81
964,295,84,89
964,474,81,84
965,260,83,89
965,526,81,85
965,812,80,88
965,990,79,88
965,993,84,87
966,350,82,89
966,528,83,86
966,649,84,86
967,61,83,88
967,73,83,81
967,169,79,83
967,764,80,89
968,56,80,85
969,535,80,89
970,77,74,81
970,229,83,87
971,296,83,87
971,377,81,89
971,554,77,76
971,635,82,88
971,684,84,88
971,733,83,89
971,841,84,85
972,654,84,82
973,24,84,81
973,97,82,82
974,208,82,82
974,483,83,80
975,205,83,88
975,232,83,85
975,349,84,89
975,353,83,88
976,155,83,86
976,346,82,88
976,780,72,85
977,29,74,88
978,246,81,87
978,422,81,80
978,599,83,82
978,943,84,85
978,954,83,88
979,16,82,89
979,556,82,89
979,580,79,88
979,717,84,87
979,847,80,86
979,896,82,85
980,4,80,78
980,203,80,88
980,581,84,88
981,77,79,89
981,151,78,89
981,434,80,88
981,516,84,83
981,638,73,81
982,261,83,80
982,355,83,87
982,404,84,89
982,756,77,87
983,168,82,87
983,182,79,89
983,302,82,83
983,555,81,80
983,749,74,83
984,81,84,85
984,365,74,86
984,447,84,79
984,786,82,88
985,52,84,87
985,315,80,87
985,585,83,87
985,690,84,75
986,328,82,89
986,910,79,84
987,3,83,89
987,283,83,86
987,424,83,86
987,486,79,85
987,526,83,88
987,843,80,89
988,199,80,80
988,231,82,89
988,248,79,83
988,389,84,82
988,410,79,86
988,460,79,88
988,553,83,86
989,226,84,86
989,517,78,85
990,33,76,89
990,34,83,89
990,318,81,81
990,568,81,81
990,588,78,83
990,823,84,86
992,107,81,89
992,192,83,84
992,417,84,86
992,522,84,88
992,769,76,85
992,972,79,89
993,172,77,88
993,332,80,87
993,345,83,88
993,512,82,86
993,785,84,82
993,963,81,87
993,977,82,83
994,109,83,83
994,319,82,79
994,452,80,88
994,517,83,85
995,52,84,88
995,121,77,87
995,384,81,88
995,628,78,84
995,679,78,88
995,715,77,86
996,409,81,89
996,435,80,89
996,830,84,89
997,208,81,86
997,242,83,80
997,416,75,87
997,533,84,88
997,603,83,81
997,678,82,86
997,761,81,85
998,294,82,85
998,418,84,79
998,606,84,87
998,627,79,74
998,664,82,88
999,171,78,89
999,285,80,83
999,373,76,89
999,457,78,89
999,871,80,76
